cv_id,account_id,list_id,created_date,updated_date,use_ad,have_mini_cv
10216,18888459,,1/1/2021,1/1/2021,0,0
10217,10377400,,1/1/2021,1/1/2021,0,0
10218,9709490,,1/1/2021,1/1/2021,0,0
10219,14437673,,1/1/2021,1/1/2021,0,0
10220,18931723,,1/1/2021,1/1/2021,0,0
10221,18796751,,1/1/2021,1/1/2021,0,0
10222,18932748,,1/1/2021,1/1/2021,0,0
10223,18756392,,1/1/2021,1/1/2021,0,0
10224,295664,,1/1/2021,1/1/2021,0,0
10225,1100483,,1/1/2021,1/1/2021,0,0
10226,1540594,,1/1/2021,1/1/2021,0,0
10227,1323504,,1/1/2021,1/1/2021,0,0
10228,4877107,,1/2/2021,1/2/2021,1,0
10229,18935729,,1/2/2021,1/2/2021,0,0
10230,18818249,,1/2/2021,1/2/2021,1,0
10231,9303274,,1/2/2021,1/2/2021,1,0
10232,18917536,,1/2/2021,1/2/2021,1,1
10233,18936596,,1/2/2021,1/2/2021,0,0
10234,9943097,,1/2/2021,1/12/2021,0,0
10235,18931237,,1/2/2021,1/2/2021,0,0
10236,281443,,1/2/2021,1/2/2021,1,0
10237,3658576,,1/2/2021,1/2/2021,1,1
10238,137903,,1/2/2021,1/2/2021,0,0
10239,18735223,,1/2/2021,1/2/2021,0,1
10240,12478704,,1/2/2021,1/2/2021,0,0
10241,10493903,,1/2/2021,1/2/2021,0,0
10242,483680,,1/2/2021,1/2/2021,0,0
10243,18939340,,1/2/2021,1/2/2021,1,0
10244,14074661,,1/2/2021,1/2/2021,0,0
10245,11637675,,1/2/2021,1/2/2021,1,0
10246,12891717,,1/2/2021,1/2/2021,0,0
10247,18322689,,1/2/2021,1/2/2021,0,0
10248,4530282,,1/2/2021,1/2/2021,0,0
10249,18940892,,1/2/2021,1/2/2021,0,0
10250,18941453,,1/2/2021,1/2/2021,0,0
10251,9852783,,1/2/2021,1/2/2021,0,0
10252,13534167,,1/2/2021,1/2/2021,0,0
10253,10168545,,1/3/2021,1/3/2021,0,0
10254,18412987,,1/3/2021,1/3/2021,1,0
10255,4865713,,1/3/2021,1/3/2021,0,0
10256,18629439,,1/3/2021,1/3/2021,0,0
10257,11667439,,1/3/2021,1/3/2021,0,0
10258,13819669,,1/3/2021,1/3/2021,0,0
10259,13289708,,1/3/2021,1/3/2021,0,0
10260,3307352,,1/3/2021,1/3/2021,0,0
10261,12862518,,1/3/2021,1/3/2021,0,0
10262,16212798,,1/3/2021,1/3/2021,0,0
10263,18063512,,1/3/2021,1/3/2021,1,0
10264,18931691,,1/3/2021,1/3/2021,0,0
10265,13691992,,1/3/2021,1/6/2021,0,0
10266,18944075,,1/3/2021,1/3/2021,0,0
10267,17779476,,1/3/2021,1/3/2021,0,0
10268,9740162,,1/3/2021,1/3/2021,0,0
10269,16836917,,1/3/2021,1/3/2021,1,0
10270,15998714,,1/3/2021,1/3/2021,1,0
10271,18934304,,1/3/2021,1/3/2021,1,0
10272,13546766,,1/3/2021,1/3/2021,1,0
10273,18119149,,1/3/2021,1/3/2021,1,0
10274,17611443,,1/3/2021,1/3/2021,0,0
10275,18844137,,1/3/2021,1/9/2021,1,0
10276,18813391,,1/3/2021,1/3/2021,0,0
10277,18730683,,1/3/2021,1/3/2021,0,0
10278,18946638,,1/3/2021,1/3/2021,1,0
10279,18948245,,1/3/2021,1/3/2021,1,0
10280,18889009,,1/3/2021,1/3/2021,0,0
10281,18936671,,1/3/2021,1/3/2021,0,0
10282,18949183,,1/3/2021,1/3/2021,0,0
10283,18949216,,1/3/2021,1/3/2021,0,0
10284,14060381,,1/3/2021,1/3/2021,1,0
10285,18247501,,1/3/2021,1/3/2021,0,1
10286,18942396,,1/3/2021,1/3/2021,0,0
10287,13159064,,1/4/2021,1/4/2021,1,0
10288,18855231,,1/4/2021,1/4/2021,0,0
10289,16400534,,1/4/2021,1/4/2021,0,0
10290,11614859,,1/4/2021,1/4/2021,0,0
10291,18946054,,1/4/2021,1/4/2021,0,0
10292,18931085,,1/4/2021,2/1/2021,1,0
10293,518945,,1/4/2021,1/4/2021,1,0
10294,2054312,,1/4/2021,1/4/2021,1,0
10295,16414274,,1/4/2021,1/4/2021,0,0
10296,12954116,,1/4/2021,1/4/2021,0,0
10297,18951825,,1/4/2021,1/4/2021,0,0
10298,18947434,,1/4/2021,1/4/2021,0,0
10299,18240774,,1/4/2021,1/4/2021,0,0
10300,3656981,,1/4/2021,1/4/2021,0,0
10301,5315452,,1/4/2021,1/4/2021,0,0
10302,11331926,,1/4/2021,1/4/2021,1,0
10303,18953340,,1/4/2021,1/4/2021,0,1
10304,15507849,,1/4/2021,1/4/2021,1,0
10305,18954005,,1/4/2021,1/4/2021,1,0
10306,18950505,,1/4/2021,1/4/2021,1,0
10307,11241557,,1/4/2021,1/4/2021,0,0
10308,18954071,,1/4/2021,1/4/2021,0,0
10309,14967523,,1/4/2021,1/4/2021,1,0
10310,18954566,,1/4/2021,1/4/2021,0,0
10311,2805222,,1/4/2021,1/4/2021,0,0
10312,16466144,,1/4/2021,1/4/2021,0,0
10313,16594102,,1/4/2021,1/4/2021,1,0
10314,16884513,,1/4/2021,1/4/2021,1,0
10315,17881619,,1/4/2021,1/4/2021,0,0
10316,2437807,,1/4/2021,1/4/2021,0,0
10317,18915560,,1/4/2021,1/4/2021,0,0
10318,13695092,,1/4/2021,1/4/2021,0,0
10319,16534751,,1/4/2021,1/4/2021,0,0
10320,9849805,,1/4/2021,1/4/2021,0,0
10321,1932237,,1/5/2021,1/5/2021,0,0
10322,18946843,,1/5/2021,1/5/2021,0,0
10323,18952990,,1/5/2021,1/5/2021,0,0
10324,878711,,1/5/2021,1/5/2021,0,0
10325,18958113,,1/5/2021,1/5/2021,0,0
10326,10558239,,1/5/2021,1/5/2021,0,0
10327,18654192,,1/5/2021,1/5/2021,0,0
10328,18889478,,1/5/2021,1/5/2021,0,0
10329,15020240,,1/5/2021,1/5/2021,0,0
10330,2822011,,1/5/2021,1/5/2021,0,0
10331,18597757,,1/5/2021,1/18/2021,0,0
10332,17054374,,1/5/2021,1/5/2021,0,0
10333,18959620,,1/5/2021,1/5/2021,0,0
10334,18951438,,1/5/2021,1/5/2021,0,0
10335,2712965,,1/5/2021,1/5/2021,0,0
10336,3261166,,1/5/2021,1/5/2021,0,0
10337,9637587,,1/5/2021,1/20/2021,1,0
10338,18960287,,1/5/2021,1/5/2021,0,0
10339,18959204,,1/5/2021,1/5/2021,1,0
10340,17065221,,1/5/2021,1/5/2021,0,0
10341,10066336,,1/5/2021,1/5/2021,0,0
10342,10545786,,1/5/2021,1/5/2021,0,0
10343,18961791,,1/5/2021,1/5/2021,0,0
10344,9634981,,1/5/2021,1/5/2021,0,0
10345,18864240,,1/5/2021,1/5/2021,0,0
10346,17610678,,1/5/2021,1/5/2021,0,0
10347,17585836,,1/5/2021,1/5/2021,0,0
10348,1471331,,1/5/2021,1/5/2021,0,0
10349,17366913,,1/5/2021,1/5/2021,0,0
10350,18158877,,1/5/2021,1/5/2021,0,0
10351,920646,,1/5/2021,1/5/2021,0,0
10352,18683532,,1/5/2021,1/5/2021,0,0
10353,16938903,,1/5/2021,1/25/2021,0,1
10354,18533434,,1/5/2021,1/5/2021,0,0
10355,13324790,,1/5/2021,1/5/2021,0,0
10356,540364,,1/5/2021,1/5/2021,0,0
10357,13979696,,1/5/2021,1/5/2021,0,0
10358,1122014,,1/5/2021,1/20/2021,0,0
10359,18966290,,1/6/2021,1/7/2021,1,0
10360,18957898,,1/6/2021,1/6/2021,0,0
10361,16952285,,1/6/2021,1/6/2021,0,0
10362,4057865,,1/6/2021,1/6/2021,1,0
10363,5097436,,1/6/2021,1/6/2021,0,0
10364,18967798,,1/6/2021,1/6/2021,0,0
10365,18967783,,1/6/2021,1/6/2021,0,0
10366,9575426,,1/6/2021,1/6/2021,0,0
10367,18967673,,1/6/2021,1/6/2021,0,0
10368,18815309,,1/6/2021,1/6/2021,0,0
10369,16839368,,1/6/2021,1/6/2021,0,1
10370,13967307,,1/6/2021,1/6/2021,1,0
10371,18969429,,1/6/2021,1/6/2021,0,0
10372,14597949,,1/6/2021,1/6/2021,1,0
10373,1542575,,1/6/2021,1/6/2021,0,0
10374,2602046,,1/6/2021,1/6/2021,1,0
10375,18970122,,1/6/2021,1/6/2021,0,0
10376,18932595,,1/6/2021,1/6/2021,0,0
10377,13144986,,1/6/2021,1/6/2021,0,0
10378,12467369,,1/6/2021,1/6/2021,0,0
10379,17188585,,1/6/2021,1/6/2021,1,0
10380,18969820,,1/6/2021,1/6/2021,0,0
10381,18971352,,1/6/2021,1/6/2021,0,0
10382,13972266,,1/6/2021,1/6/2021,0,0
10383,13984375,,1/6/2021,1/6/2021,0,1
10384,4562463,,1/6/2021,1/6/2021,0,0
10385,15722045,,1/6/2021,1/6/2021,0,0
10386,18946514,,1/6/2021,1/6/2021,1,0
10387,18972715,,1/6/2021,1/6/2021,0,0
10388,14770677,,1/6/2021,1/6/2021,0,0
10389,18943036,,1/6/2021,1/6/2021,0,0
10390,18938035,,1/6/2021,1/6/2021,0,0
10391,17780843,,1/7/2021,1/7/2021,0,0
10392,18974836,,1/7/2021,1/7/2021,0,0
10393,16016109,,1/7/2021,1/7/2021,0,0
10394,18486343,,1/7/2021,1/7/2021,0,0
10395,13312912,,1/7/2021,2/2/2021,0,1
10396,18965429,,1/7/2021,1/7/2021,0,0
10397,15121940,,1/7/2021,1/17/2021,0,0
10398,18638081,,1/7/2021,1/7/2021,0,0
10399,17611952,,1/7/2021,1/7/2021,1,0
10400,4750262,,1/7/2021,1/7/2021,0,0
10401,18976331,,1/7/2021,1/7/2021,0,0
10402,18855820,,1/7/2021,1/7/2021,0,0
10403,12844886,,1/7/2021,1/7/2021,0,0
10404,15160280,,1/7/2021,1/7/2021,0,1
10405,18963751,,1/7/2021,1/7/2021,1,0
10406,18885182,,1/7/2021,1/7/2021,0,0
10407,18977439,,1/7/2021,1/7/2021,0,0
10408,4585052,,1/7/2021,1/7/2021,0,0
10409,18387002,,1/7/2021,1/7/2021,0,1
10410,15377317,,1/7/2021,1/7/2021,0,0
10411,18795343,,1/7/2021,1/7/2021,0,0
10412,4051765,,1/7/2021,1/8/2021,0,0
10413,18943376,,1/7/2021,1/7/2021,0,0
10414,18958541,,1/7/2021,1/7/2021,1,0
10415,18970586,,1/7/2021,1/7/2021,0,0
10416,2497973,,1/7/2021,1/7/2021,0,0
10417,18979520,,1/7/2021,1/7/2021,1,0
10418,18673794,,1/7/2021,1/7/2021,0,0
10419,18977073,,1/7/2021,1/7/2021,0,0
10420,2463874,,1/7/2021,1/7/2021,0,0
10421,18307926,,1/7/2021,1/7/2021,1,0
10422,17887911,,1/7/2021,1/7/2021,1,0
10423,12439070,,1/7/2021,1/7/2021,1,1
10424,18964967,,1/7/2021,1/7/2021,1,1
10425,16652230,,1/7/2021,1/7/2021,0,0
10426,1298754,,1/7/2021,1/9/2021,1,0
10427,11575995,,1/7/2021,1/7/2021,1,0
10428,18979438,,1/7/2021,1/7/2021,0,0
10429,18509272,,1/7/2021,1/7/2021,1,0
10430,15541773,,1/7/2021,1/7/2021,0,0
10431,17003242,,1/7/2021,1/7/2021,1,0
10432,5365816,,1/7/2021,1/7/2021,0,0
10433,10320899,,1/8/2021,1/8/2021,0,0
10434,18982014,,1/8/2021,1/8/2021,0,0
10435,18980622,,1/8/2021,1/8/2021,0,0
10436,18982603,,1/8/2021,1/8/2021,0,0
10437,1882163,,1/8/2021,1/8/2021,1,0
10438,13183929,,1/8/2021,1/8/2021,0,0
10439,18856927,,1/8/2021,1/8/2021,0,0
10440,12613933,,1/8/2021,1/8/2021,0,0
10441,18602498,,1/8/2021,1/8/2021,0,0
10442,18973200,,1/8/2021,1/8/2021,0,0
10443,18984587,,1/8/2021,1/8/2021,0,0
10444,18711261,,1/8/2021,1/8/2021,1,0
10445,9933855,,1/8/2021,1/8/2021,0,0
10446,18984705,,1/8/2021,1/8/2021,0,0
10447,11630382,,1/8/2021,1/8/2021,1,0
10448,17956340,,1/8/2021,1/8/2021,0,0
10449,13093651,,1/8/2021,1/8/2021,0,0
10450,18970114,,1/8/2021,1/8/2021,0,0
10451,9528032,,1/8/2021,1/8/2021,0,0
10452,13167533,,1/8/2021,1/8/2021,0,0
10453,10232759,,1/8/2021,1/8/2021,0,0
10454,18986580,,1/8/2021,1/8/2021,0,0
10455,16873247,,1/8/2021,1/8/2021,1,1
10456,9411401,,1/8/2021,1/8/2021,0,0
10457,18988673,,1/8/2021,1/8/2021,1,0
10458,11144285,,1/8/2021,1/8/2021,0,0
10459,18989776,,1/8/2021,1/8/2021,0,0
10460,15997761,,1/8/2021,1/8/2021,0,0
10461,12533967,,1/9/2021,1/9/2021,1,0
10462,15951475,,1/9/2021,1/9/2021,0,0
10463,18004726,,1/9/2021,1/9/2021,0,0
10464,18991226,,1/9/2021,1/9/2021,1,0
10465,4435364,,1/9/2021,1/9/2021,0,0
10466,13226277,,1/9/2021,1/9/2021,0,1
10467,18991702,,1/9/2021,1/9/2021,0,0
10468,3931365,,1/9/2021,1/21/2021,1,1
10469,18983682,,1/9/2021,1/9/2021,0,0
10470,1041543,,1/9/2021,1/9/2021,0,0
10471,3178333,,1/9/2021,1/9/2021,0,0
10472,18993055,,1/9/2021,1/9/2021,0,0
10473,18993830,,1/9/2021,1/9/2021,1,1
10474,18994124,,1/9/2021,1/9/2021,0,0
10475,16023375,,1/9/2021,1/9/2021,0,0
10476,18987821,,1/9/2021,1/9/2021,0,0
10477,9673244,,1/9/2021,1/9/2021,0,0
10478,18995530,,1/9/2021,1/9/2021,0,0
10479,11384891,,1/9/2021,1/9/2021,0,0
10480,18996216,,1/9/2021,1/9/2021,0,0
10481,319292,,1/9/2021,1/9/2021,0,0
10482,17045389,,1/10/2021,1/10/2021,0,0
10483,18997794,,1/10/2021,1/10/2021,0,0
10484,12362080,,1/10/2021,1/10/2021,0,0
10485,18981358,,1/10/2021,1/10/2021,0,0
10486,18906594,,1/10/2021,1/10/2021,0,0
10487,2622423,,1/10/2021,1/10/2021,0,0
10488,16809302,,1/10/2021,1/10/2021,1,1
10489,19000163,,1/10/2021,1/10/2021,0,0
10490,19000637,,1/10/2021,1/10/2021,0,0
10491,17004236,,1/10/2021,1/10/2021,0,0
10492,19001033,,1/10/2021,1/10/2021,1,0
10493,15730390,,1/10/2021,1/10/2021,0,0
10494,9630999,,1/10/2021,1/10/2021,1,0
10495,18814090,,1/10/2021,1/14/2021,1,0
10496,18887626,,1/10/2021,1/10/2021,1,1
10497,18996558,,1/10/2021,1/10/2021,1,0
10498,18152871,,1/10/2021,1/10/2021,0,0
10499,10265055,,1/10/2021,1/10/2021,0,0
10500,19004418,,1/11/2021,1/11/2021,0,0
10501,18771003,,1/11/2021,1/11/2021,0,0
10502,12186194,,1/11/2021,1/11/2021,0,0
10503,18585694,,1/11/2021,1/11/2021,0,0
10504,4337917,,1/11/2021,1/11/2021,0,0
10505,18984869,,1/11/2021,1/23/2021,0,0
10506,16153970,,1/11/2021,1/13/2021,1,0
10507,18994091,,1/11/2021,1/11/2021,0,0
10508,1691584,,1/11/2021,1/11/2021,0,0
10509,19006305,,1/11/2021,1/11/2021,0,0
10510,10447330,,1/11/2021,1/11/2021,0,0
10511,12043890,,1/11/2021,1/11/2021,1,1
10512,16763441,,1/11/2021,1/11/2021,0,0
10513,15508451,,1/11/2021,1/11/2021,0,0
10514,19007389,,1/11/2021,1/11/2021,0,0
10515,19001286,,1/11/2021,1/11/2021,0,0
10516,12721432,,1/11/2021,1/11/2021,1,0
10517,18858911,,1/11/2021,1/11/2021,0,0
10518,17938605,,1/11/2021,1/11/2021,0,0
10519,18906973,,1/11/2021,1/11/2021,0,0
10520,12076080,,1/11/2021,1/11/2021,1,0
10521,19008638,,1/11/2021,1/11/2021,0,0
10522,19004348,,1/11/2021,1/11/2021,0,0
10523,18905486,,1/11/2021,1/11/2021,1,0
10524,10341093,,1/11/2021,1/11/2021,1,0
10525,18436211,,1/11/2021,1/11/2021,0,0
10526,18830938,,1/11/2021,1/11/2021,0,0
10527,14360599,,1/11/2021,1/11/2021,0,0
10528,11611638,,1/11/2021,1/11/2021,1,0
10529,5124899,,1/12/2021,1/12/2021,0,0
10530,17190621,,1/12/2021,1/12/2021,0,0
10531,17842100,,1/12/2021,1/12/2021,1,0
10532,19013118,,1/12/2021,1/12/2021,1,0
10533,10039482,,1/12/2021,1/12/2021,0,0
10534,19013252,,1/12/2021,1/12/2021,0,0
10535,18816650,,1/12/2021,1/12/2021,0,0
10536,19012523,,1/12/2021,1/12/2021,0,0
10537,19014561,,1/12/2021,1/12/2021,0,0
10538,19010657,,1/12/2021,1/12/2021,0,0
10539,13408448,,1/12/2021,1/12/2021,0,0
10540,17232066,,1/12/2021,1/12/2021,1,0
10541,16075297,,1/12/2021,1/12/2021,0,0
10542,18583350,,1/12/2021,1/12/2021,0,0
10543,13103617,,1/12/2021,1/12/2021,0,0
10544,18221353,,1/12/2021,1/15/2021,0,0
10545,19006744,,1/12/2021,1/12/2021,0,0
10546,19015409,,1/12/2021,1/23/2021,0,0
10547,19015921,,1/12/2021,1/12/2021,1,0
10548,2327865,,1/12/2021,1/12/2021,0,0
10549,19014492,,1/12/2021,1/12/2021,0,0
10550,16056771,,1/12/2021,1/12/2021,0,0
10551,19017235,,1/12/2021,1/12/2021,0,0
10552,9273775,,1/12/2021,1/12/2021,1,1
10553,3422812,,1/12/2021,1/12/2021,0,0
10554,2522294,,1/12/2021,1/12/2021,0,0
10555,19018186,,1/12/2021,1/12/2021,0,0
10556,13460442,,1/12/2021,1/12/2021,0,0
10557,19010802,,1/12/2021,1/12/2021,0,0
10558,17392001,,1/12/2021,1/12/2021,1,0
10559,18327766,,1/12/2021,1/12/2021,0,0
10560,18826996,,1/12/2021,1/12/2021,1,0
10561,9110558,,1/12/2021,1/12/2021,0,0
10562,17254924,,1/12/2021,1/12/2021,0,1
10563,19019394,,1/12/2021,1/12/2021,0,0
10564,18142606,,1/13/2021,1/13/2021,0,0
10565,19019996,,1/13/2021,1/13/2021,0,0
10566,18988344,,1/13/2021,1/13/2021,1,0
10567,17750853,,1/13/2021,1/13/2021,0,0
10568,15682529,,1/13/2021,1/13/2021,0,0
10569,18204527,,1/13/2021,1/16/2021,0,0
10570,19020560,,1/13/2021,1/13/2021,1,1
10571,5188731,,1/13/2021,1/13/2021,0,0
10572,19020941,,1/13/2021,1/13/2021,0,0
10573,11118596,,1/13/2021,1/13/2021,0,0
10574,19020882,,1/13/2021,1/13/2021,1,0
10575,3824256,,1/13/2021,1/13/2021,0,0
10576,19021532,,1/13/2021,1/13/2021,0,0
10577,10164476,,1/13/2021,1/13/2021,0,0
10578,19022298,,1/13/2021,1/14/2021,0,0
10579,4590979,,1/13/2021,1/13/2021,0,0
10580,19022772,,1/13/2021,1/13/2021,1,0
10581,19023112,,1/13/2021,1/13/2021,0,0
10582,9762429,,1/13/2021,1/13/2021,0,0
10583,5337933,,1/13/2021,1/13/2021,0,0
10584,13003040,,1/13/2021,1/13/2021,1,0
10585,15814247,,1/13/2021,1/13/2021,1,0
10586,412604,,1/13/2021,1/13/2021,0,0
10587,11290328,,1/13/2021,1/13/2021,0,0
10588,19025300,,1/13/2021,1/13/2021,0,0
10589,16804126,,1/13/2021,1/13/2021,0,0
10590,18822998,,1/13/2021,1/13/2021,0,0
10591,14001334,,1/13/2021,1/13/2021,0,0
10592,19025553,,1/13/2021,1/13/2021,0,0
10593,18968750,,1/13/2021,1/13/2021,0,0
10594,73564,,1/13/2021,1/13/2021,1,0
10595,18824447,,1/13/2021,1/13/2021,0,0
10596,12941832,,1/13/2021,1/13/2021,0,0
10597,19015319,,1/13/2021,1/13/2021,0,0
10598,17864203,,1/13/2021,1/13/2021,0,0
10599,15415250,,1/14/2021,1/14/2021,0,0
10600,19025510,,1/14/2021,1/17/2021,0,0
10601,18237012,,1/14/2021,1/14/2021,0,0
10602,14550651,,1/14/2021,1/14/2021,0,0
10603,14861971,,1/14/2021,1/14/2021,0,0
10604,18862464,,1/14/2021,1/14/2021,0,0
10605,10673054,,1/14/2021,1/14/2021,0,0
10606,17036719,,1/14/2021,1/14/2021,0,0
10607,4665453,,1/14/2021,1/14/2021,0,0
10608,2459785,,1/14/2021,1/14/2021,0,0
10609,19030517,,1/14/2021,1/14/2021,0,0
10610,18093034,,1/14/2021,1/14/2021,0,0
10611,14505481,,1/14/2021,1/14/2021,0,0
10612,17582077,,1/14/2021,1/14/2021,0,0
10613,19031455,,1/14/2021,1/14/2021,0,0
10614,19031484,,1/14/2021,1/14/2021,0,0
10615,15935395,,1/14/2021,1/14/2021,0,0
10616,14581771,,1/14/2021,1/14/2021,1,0
10617,18590620,,1/14/2021,1/14/2021,0,0
10618,19026655,,1/14/2021,1/14/2021,1,0
10619,12637906,,1/15/2021,1/15/2021,0,0
10620,14209190,,1/15/2021,1/15/2021,0,0
10621,17694079,,1/15/2021,1/15/2021,1,0
10622,1984629,,1/15/2021,1/15/2021,0,0
10623,12434307,,1/15/2021,1/15/2021,0,0
10624,19035595,,1/15/2021,1/15/2021,0,0
10625,19035398,,1/15/2021,1/15/2021,0,0
10626,11057705,,1/15/2021,1/15/2021,0,0
10627,10314990,,1/15/2021,1/15/2021,1,0
10628,13196519,,1/15/2021,1/15/2021,0,0
10629,2041944,,1/15/2021,1/15/2021,0,0
10630,18054642,,1/15/2021,1/15/2021,0,0
10631,4400758,,1/15/2021,1/15/2021,0,0
10632,19039098,,1/15/2021,1/15/2021,0,0
10633,15729409,,1/15/2021,1/15/2021,0,0
10634,15124004,,1/15/2021,1/15/2021,0,0
10635,19040192,,1/15/2021,1/15/2021,0,0
10636,19033465,,1/15/2021,1/15/2021,0,0
10637,19040484,,1/15/2021,1/15/2021,0,0
10638,10021842,,1/15/2021,1/15/2021,1,1
10639,18728537,,1/16/2021,1/16/2021,0,0
10640,10115097,,1/16/2021,1/16/2021,0,0
10641,19031397,,1/16/2021,1/16/2021,0,0
10642,14344341,,1/16/2021,1/16/2021,0,0
10643,17345995,,1/16/2021,1/16/2021,0,0
10644,4489140,,1/16/2021,1/16/2021,0,0
10645,19042126,,1/16/2021,1/16/2021,1,0
10646,14506999,,1/16/2021,1/16/2021,0,0
10647,19044286,,1/16/2021,1/16/2021,0,0
10648,11245371,,1/16/2021,1/16/2021,1,0
10649,16510271,,1/16/2021,1/16/2021,0,0
10650,10626079,,1/16/2021,1/16/2021,0,0
10651,19028064,,1/16/2021,1/16/2021,0,0
10652,19045311,,1/16/2021,1/16/2021,0,0
10653,19045325,,1/16/2021,1/16/2021,0,0
10654,18084192,,1/16/2021,1/16/2021,0,0
10655,10398857,,1/16/2021,1/16/2021,0,1
10656,17015207,,1/16/2021,1/16/2021,0,0
10657,5403595,,1/16/2021,1/16/2021,0,0
10658,9774120,,1/16/2021,1/23/2021,0,0
10659,11008766,,1/16/2021,1/16/2021,0,0
10660,19046708,,1/16/2021,1/16/2021,0,0
10661,18005145,,1/16/2021,1/16/2021,0,0
10662,19048558,,1/17/2021,1/17/2021,0,0
10663,10048623,,1/17/2021,1/17/2021,0,1
10664,18956226,,1/17/2021,1/17/2021,0,0
10665,2215479,,1/17/2021,1/20/2021,0,0
10666,646660,,1/17/2021,1/17/2021,1,0
10667,12541811,,1/17/2021,1/17/2021,0,0
10668,16208405,,1/17/2021,1/17/2021,1,0
10669,19051646,,1/17/2021,1/17/2021,0,0
10670,19048718,,1/17/2021,1/17/2021,0,0
10671,5167904,,1/17/2021,1/17/2021,0,0
10672,9324940,,1/17/2021,1/17/2021,0,0
10673,15865204,,1/17/2021,1/17/2021,0,0
10674,18787801,,1/17/2021,1/17/2021,1,0
10675,4162900,,1/17/2021,1/17/2021,0,0
10676,9665850,,1/17/2021,1/17/2021,1,0
10677,18720314,,1/17/2021,1/17/2021,0,0
10678,9625057,,1/17/2021,1/17/2021,1,0
10679,19045198,,1/17/2021,1/17/2021,0,0
10680,3108517,,1/17/2021,1/17/2021,0,0
10681,2860257,,1/17/2021,1/17/2021,0,0
10682,19053891,,1/18/2021,1/18/2021,0,0
10683,16558619,,1/18/2021,1/18/2021,0,0
10684,12663465,,1/18/2021,1/18/2021,1,0
10685,11377144,,1/18/2021,1/18/2021,0,0
10686,18989956,,1/18/2021,1/18/2021,0,0
10687,18742500,,1/18/2021,1/18/2021,0,0
10688,14755570,,1/18/2021,1/25/2021,0,0
10689,17454351,,1/18/2021,1/18/2021,0,0
10690,16965724,,1/18/2021,1/18/2021,0,0
10691,19057796,,1/18/2021,1/18/2021,0,1
10692,19008020,,1/18/2021,1/18/2021,0,0
10693,19047665,,1/18/2021,1/18/2021,0,0
10694,18245716,,1/18/2021,1/18/2021,0,0
10695,10802041,,1/18/2021,1/18/2021,0,0
10696,19020742,,1/18/2021,1/18/2021,0,0
10697,18450298,,1/18/2021,1/18/2021,0,0
10698,18998032,,1/18/2021,1/18/2021,1,0
10699,16712473,,1/18/2021,1/18/2021,1,0
10700,17470864,,1/18/2021,1/18/2021,1,0
10701,11364529,,1/18/2021,1/18/2021,0,0
10702,13266674,,1/18/2021,1/18/2021,0,0
10703,5540374,,1/18/2021,1/18/2021,0,0
10704,18713113,,1/18/2021,1/18/2021,1,0
10705,2971596,,1/18/2021,1/18/2021,1,0
10706,16132785,,1/18/2021,1/18/2021,0,0
10707,19044498,,1/18/2021,1/18/2021,0,0
10708,17712184,,1/19/2021,1/27/2021,0,0
10709,12465104,,1/19/2021,1/19/2021,0,0
10710,15836244,,1/19/2021,1/19/2021,0,0
10711,5312062,,1/19/2021,1/19/2021,1,0
10712,18991139,,1/19/2021,1/19/2021,1,0
10713,11981703,,1/19/2021,1/19/2021,0,0
10714,2692723,,1/19/2021,1/19/2021,1,0
10715,12309680,,1/19/2021,1/19/2021,1,0
10716,16547993,,1/19/2021,1/19/2021,1,0
10717,19064900,,1/19/2021,1/22/2021,0,0
10718,18158507,,1/19/2021,1/19/2021,0,0
10719,15177488,,1/19/2021,1/19/2021,0,0
10720,17551477,,1/19/2021,1/19/2021,0,0
10721,19030405,,1/19/2021,1/19/2021,0,0
10722,2353957,,1/19/2021,1/19/2021,0,0
10723,19066178,,1/19/2021,1/19/2021,0,1
10724,18983814,,1/19/2021,1/19/2021,1,0
10725,5271988,,1/19/2021,1/19/2021,0,0
10726,3907612,,1/19/2021,1/19/2021,0,0
10727,17696098,,1/19/2021,1/19/2021,0,0
10728,19067892,,1/19/2021,1/19/2021,0,0
10729,2191499,,1/19/2021,1/19/2021,0,0
10730,18989301,,1/19/2021,1/19/2021,1,0
10731,19068298,,1/19/2021,1/19/2021,0,0
10732,11046578,,1/19/2021,1/19/2021,0,0
10733,18917628,,1/19/2021,1/19/2021,0,1
10734,19069157,,1/19/2021,1/19/2021,1,0
10735,3201518,,1/19/2021,1/19/2021,1,0
10736,19058386,,1/19/2021,1/19/2021,0,0
10737,343138,,1/20/2021,1/20/2021,0,0
10738,19070133,,1/20/2021,1/20/2021,0,0
10739,18555425,,1/20/2021,1/20/2021,0,0
10740,16277600,,1/20/2021,1/20/2021,1,0
10741,11348673,,1/20/2021,1/20/2021,1,0
10742,3539644,,1/20/2021,1/20/2021,0,0
10743,767526,,1/20/2021,1/20/2021,0,0
10744,18859151,,1/20/2021,1/20/2021,0,0
10745,12793011,,1/20/2021,1/20/2021,0,1
10746,19071888,,1/20/2021,1/20/2021,0,0
10747,18912791,,1/20/2021,1/20/2021,1,0
10748,18060046,,1/20/2021,1/20/2021,0,0
10749,9968681,,1/20/2021,1/20/2021,0,0
10750,19072280,,1/20/2021,1/20/2021,1,0
10751,15582880,,1/20/2021,1/20/2021,0,0
10752,2898033,,1/20/2021,1/29/2021,0,0
10753,19072477,,1/20/2021,1/20/2021,1,0
10754,19072750,,1/20/2021,1/20/2021,0,0
10755,10573459,,1/20/2021,1/20/2021,1,0
10756,11716882,,1/20/2021,1/20/2021,0,0
10757,19038352,,1/20/2021,1/20/2021,0,0
10758,19073036,,1/20/2021,1/20/2021,0,0
10759,18450525,,1/20/2021,1/20/2021,0,0
10760,19073103,,1/20/2021,1/20/2021,1,0
10761,19073455,,1/20/2021,1/20/2021,0,0
10762,1121664,,1/20/2021,1/21/2021,0,0
10763,9316891,,1/20/2021,1/20/2021,0,0
10764,17857394,,1/20/2021,1/20/2021,0,0
10765,19075494,,1/20/2021,1/20/2021,0,0
10766,4076739,,1/20/2021,1/20/2021,0,0
10767,11818723,,1/20/2021,1/20/2021,0,0
10768,3925941,,1/20/2021,1/20/2021,0,0
10769,19075465,,1/20/2021,1/20/2021,0,0
10770,19075942,,1/20/2021,1/20/2021,0,0
10771,18727357,,1/20/2021,1/20/2021,0,0
10772,13522674,,1/20/2021,1/20/2021,0,0
10773,18106980,,1/20/2021,1/20/2021,1,0
10774,15484956,,1/20/2021,1/20/2021,0,0
10775,178585,,1/20/2021,1/20/2021,0,0
10776,10266064,,1/21/2021,1/21/2021,0,0
10777,10567566,,1/21/2021,1/21/2021,0,0
10778,19076095,,1/21/2021,1/21/2021,0,0
10779,2083738,,1/21/2021,1/21/2021,1,0
10780,18528108,,1/21/2021,1/21/2021,0,0
10781,19042672,,1/21/2021,1/21/2021,0,0
10782,9924479,,1/21/2021,1/21/2021,0,0
10783,19078339,,1/21/2021,1/21/2021,0,0
10784,19078678,,1/21/2021,1/21/2021,0,0
10785,1722476,,1/21/2021,1/21/2021,0,0
10786,975410,,1/21/2021,1/21/2021,0,0
10787,19077379,,1/21/2021,1/21/2021,0,0
10788,17842684,,1/21/2021,1/21/2021,0,0
10789,18057481,,1/21/2021,1/21/2021,1,0
10790,5189038,,1/21/2021,1/21/2021,0,1
10791,19080351,,1/21/2021,1/21/2021,0,0
10792,4638525,,1/21/2021,1/21/2021,0,0
10793,2204393,,1/21/2021,1/21/2021,0,0
10794,19077568,,1/21/2021,1/21/2021,1,0
10795,17248315,,1/21/2021,1/21/2021,0,0
10796,16062908,,1/21/2021,1/21/2021,1,0
10797,3600735,,1/21/2021,1/21/2021,0,0
10798,19082894,,1/21/2021,1/21/2021,0,0
10799,19082617,,1/21/2021,1/21/2021,1,0
10800,5092825,,1/21/2021,1/21/2021,0,0
10801,19082841,,1/21/2021,1/21/2021,0,0
10802,802656,,1/21/2021,1/21/2021,0,1
10803,12757492,,1/21/2021,1/21/2021,1,0
10804,14664947,,1/21/2021,1/21/2021,0,0
10805,9575247,,1/22/2021,1/22/2021,0,0
10806,10569436,,1/22/2021,1/22/2021,0,0
10807,1533870,,1/22/2021,1/22/2021,1,0
10808,11568964,,1/22/2021,1/22/2021,0,0
10809,9990105,,1/22/2021,1/23/2021,0,0
10810,18709959,,1/22/2021,1/22/2021,1,0
10811,2271921,,1/22/2021,1/22/2021,0,0
10812,19086459,,1/22/2021,1/22/2021,0,0
10813,19086536,,1/22/2021,1/22/2021,0,1
10814,2166152,,1/22/2021,1/22/2021,0,0
10815,4555617,,1/22/2021,1/22/2021,1,0
10816,17250802,,1/22/2021,1/22/2021,1,1
10817,19020717,,1/22/2021,1/22/2021,1,0
10818,5541216,,1/22/2021,1/22/2021,0,0
10819,16333452,,1/22/2021,1/22/2021,0,0
10820,19066370,,1/22/2021,1/22/2021,1,0
10821,19087815,,1/22/2021,1/22/2021,0,0
10822,19088175,,1/22/2021,1/22/2021,0,0
10823,18967713,,1/22/2021,1/22/2021,0,0
10824,19088995,,1/22/2021,1/22/2021,0,0
10825,4628590,,1/22/2021,1/22/2021,0,0
10826,19089196,,1/22/2021,1/22/2021,0,0
10827,19065866,,1/22/2021,1/22/2021,0,0
10828,16547712,,1/22/2021,1/22/2021,0,0
10829,18432714,,1/22/2021,1/22/2021,1,0
10830,12757533,,1/22/2021,1/22/2021,0,0
10831,19090799,,1/23/2021,1/23/2021,0,0
10832,19091020,,1/23/2021,1/23/2021,0,1
10833,13926287,,1/23/2021,1/23/2021,1,0
10834,12868154,,1/23/2021,1/23/2021,0,0
10835,19048886,,1/23/2021,1/23/2021,0,0
10836,10030723,,1/23/2021,1/23/2021,1,0
10837,19091962,,1/23/2021,1/23/2021,0,0
10838,2007815,,1/23/2021,1/23/2021,0,0
10839,16556359,,1/23/2021,1/23/2021,0,0
10840,1559213,,1/23/2021,1/23/2021,0,0
10841,18405523,,1/23/2021,1/23/2021,0,0
10842,16232241,,1/23/2021,1/25/2021,0,0
10843,16984219,,1/23/2021,1/23/2021,0,0
10844,18989214,,1/23/2021,1/23/2021,0,0
10845,5122540,,1/23/2021,1/23/2021,0,0
10846,18748026,,1/23/2021,1/23/2021,0,0
10847,19094757,,1/23/2021,1/23/2021,0,0
10848,1737313,,1/23/2021,1/23/2021,0,0
10849,17315406,,1/23/2021,1/23/2021,0,0
10850,18636404,,1/23/2021,1/23/2021,1,0
10851,4960827,,1/23/2021,1/23/2021,0,0
10852,19095845,,1/23/2021,1/23/2021,0,0
10853,19011799,,1/23/2021,1/23/2021,0,0
10854,3665811,,1/23/2021,1/23/2021,0,0
10855,5181559,,1/24/2021,1/24/2021,0,0
10856,19092430,,1/24/2021,1/24/2021,0,0
10857,10657431,,1/24/2021,1/24/2021,0,0
10858,19075741,,1/24/2021,1/24/2021,0,0
10859,18063424,,1/24/2021,1/24/2021,1,0
10860,1224975,,1/24/2021,1/24/2021,1,1
10861,18075822,,1/24/2021,1/24/2021,1,0
10862,17471453,,1/24/2021,1/24/2021,1,0
10863,16743158,,1/24/2021,2/4/2021,0,1
10864,13112065,,1/24/2021,1/24/2021,1,0
10865,18491874,,1/24/2021,1/24/2021,0,0
10866,1590724,,1/24/2021,1/24/2021,0,0
10867,1917871,,1/24/2021,1/24/2021,1,1
10868,18958056,,1/24/2021,1/24/2021,0,0
10869,19101360,,1/24/2021,1/24/2021,1,0
10870,3768817,,1/24/2021,1/24/2021,0,0
10871,19102000,,1/24/2021,1/24/2021,0,0
10872,18886252,,1/24/2021,1/24/2021,0,0
10873,19102953,,1/24/2021,1/24/2021,0,0
10874,19092809,,1/25/2021,1/25/2021,0,0
10875,14107265,,1/25/2021,1/25/2021,0,0
10876,2858812,,1/25/2021,1/25/2021,0,0
10877,2890330,,1/25/2021,1/28/2021,1,0
10878,18523015,,1/25/2021,1/25/2021,0,0
10879,13609693,,1/25/2021,1/25/2021,0,0
10880,18164420,,1/25/2021,1/25/2021,0,1
10881,18660614,,1/25/2021,1/25/2021,0,0
10882,16873306,,1/25/2021,1/25/2021,0,0
10883,11576638,,1/25/2021,1/25/2021,1,0
10884,18903929,,1/25/2021,1/25/2021,0,0
10885,19100481,,1/25/2021,1/25/2021,0,0
10886,15091333,,1/25/2021,1/25/2021,0,0
10887,19106830,,1/25/2021,1/25/2021,1,0
10888,8736672,,1/25/2021,1/25/2021,1,0
10889,12905335,,1/25/2021,1/25/2021,0,0
10890,19107336,,1/25/2021,1/25/2021,0,0
10891,10393653,,1/25/2021,1/25/2021,0,0
10892,19103010,,1/25/2021,1/25/2021,0,0
10893,19016398,,1/25/2021,1/25/2021,1,0
10894,17002291,,1/25/2021,1/25/2021,0,0
10895,19109103,,1/25/2021,1/25/2021,0,0
10896,1108464,,1/25/2021,1/25/2021,0,0
10897,19108448,,1/25/2021,1/25/2021,0,0
10898,14903266,,1/25/2021,1/25/2021,0,0
10899,16515640,,1/25/2021,1/25/2021,0,0
10900,12055501,,1/26/2021,1/26/2021,0,0
10901,18833283,,1/26/2021,1/26/2021,0,0
10902,227740,,1/26/2021,1/26/2021,0,0
10903,19111020,,1/26/2021,1/26/2021,0,0
10904,19043978,,1/26/2021,1/26/2021,0,0
10905,14693987,,1/26/2021,1/26/2021,1,0
10906,19111952,,1/26/2021,1/26/2021,0,1
10907,17363181,,1/26/2021,1/26/2021,0,1
10908,15949063,,1/26/2021,1/26/2021,1,1
10909,19085373,,1/26/2021,1/26/2021,1,0
10910,18789306,,1/26/2021,1/30/2021,0,0
10911,19110040,,1/26/2021,1/26/2021,0,0
10912,9568471,,1/26/2021,1/26/2021,0,0
10913,10706304,,1/26/2021,1/27/2021,0,0
10914,12275013,,1/26/2021,1/26/2021,1,0
10915,18712861,,1/26/2021,1/26/2021,0,0
10916,15048607,,1/26/2021,1/26/2021,0,0
10917,8954162,,1/26/2021,1/26/2021,0,0
10918,12787104,,1/26/2021,1/26/2021,0,0
10919,19079846,,1/26/2021,1/26/2021,0,0
10920,2753501,,1/26/2021,1/26/2021,0,0
10921,19038134,,1/26/2021,1/26/2021,1,1
10922,9210923,,1/26/2021,1/26/2021,0,0
10923,17389410,,1/26/2021,1/26/2021,0,0
10924,4836274,,1/26/2021,1/31/2021,0,0
10925,14846511,,1/26/2021,1/26/2021,1,0
10926,1778676,,1/26/2021,1/26/2021,1,0
10927,19118205,,1/27/2021,1/27/2021,0,0
10928,2279955,,1/27/2021,1/27/2021,0,0
10929,8975865,,1/27/2021,1/27/2021,1,0
10930,18991499,,1/27/2021,1/27/2021,0,0
10931,19118559,,1/27/2021,1/27/2021,0,0
10932,11399829,,1/27/2021,1/27/2021,0,0
10933,19109371,,1/27/2021,1/27/2021,0,0
10934,102546,,1/27/2021,1/27/2021,0,0
10935,18837718,,1/27/2021,1/27/2021,1,1
10936,13824124,,1/27/2021,1/27/2021,0,0
10937,19121176,,1/27/2021,1/27/2021,0,0
10938,5297147,,1/27/2021,1/27/2021,1,0
10939,11323399,,1/27/2021,1/27/2021,0,0
10940,14474588,,1/27/2021,1/27/2021,0,0
10941,19123224,,1/27/2021,1/29/2021,0,0
10942,12757721,,1/27/2021,1/27/2021,0,0
10943,18879316,,1/28/2021,1/31/2021,0,0
10944,13466846,,1/28/2021,1/28/2021,1,0
10945,4131309,,1/28/2021,1/28/2021,0,0
10946,10740460,,1/28/2021,1/28/2021,0,0
10947,19077987,,1/28/2021,1/28/2021,0,0
10948,5564845,,1/28/2021,1/28/2021,1,0
10949,22324,,1/28/2021,1/28/2021,1,0
10950,525725,,1/28/2021,1/28/2021,0,0
10951,12941456,,1/28/2021,1/28/2021,0,0
10952,19121593,,1/28/2021,1/28/2021,0,0
10953,14105453,,1/28/2021,1/28/2021,0,0
10954,19058199,,1/28/2021,1/28/2021,1,1
10955,19128129,,1/28/2021,1/28/2021,1,0
10956,18652641,,1/28/2021,1/28/2021,0,0
10957,19113503,,1/28/2021,1/28/2021,0,0
10958,10085125,,1/28/2021,1/28/2021,0,0
10959,19129227,,1/28/2021,1/28/2021,1,0
10960,18192905,,1/28/2021,1/28/2021,0,0
10961,17529798,,1/28/2021,1/28/2021,0,1
10962,15142180,,1/29/2021,1/29/2021,0,0
10963,16162341,,1/29/2021,1/29/2021,0,0
10964,5255624,,1/29/2021,1/29/2021,1,0
10965,13104585,,1/29/2021,1/29/2021,0,0
10966,17484143,,1/29/2021,1/29/2021,1,0
10967,10534921,,1/29/2021,1/29/2021,1,0
10968,4559654,,1/29/2021,1/29/2021,0,0
10969,11833231,,1/29/2021,1/29/2021,1,0
10970,18530836,,1/29/2021,1/29/2021,0,0
10971,11315448,,1/29/2021,1/30/2021,0,0
10972,16699221,,1/29/2021,1/29/2021,1,0
10973,19133653,,1/29/2021,1/29/2021,0,0
10974,17847389,,1/29/2021,1/29/2021,0,0
10975,19130750,,1/29/2021,1/29/2021,0,0
10976,19134461,,1/29/2021,1/29/2021,0,0
10977,18739555,,1/29/2021,1/29/2021,0,0
10978,9910918,,1/29/2021,1/29/2021,0,0
10979,18857741,,1/29/2021,1/29/2021,1,0
10980,14618182,,1/29/2021,1/29/2021,1,0
10981,19135603,,1/29/2021,1/29/2021,0,0
10982,3115977,,1/30/2021,1/30/2021,0,0
10983,19060765,,1/30/2021,1/30/2021,0,0
10984,13005516,,1/30/2021,1/30/2021,0,0
10985,19136539,,1/30/2021,1/30/2021,1,0
10986,10937462,,1/30/2021,1/30/2021,0,0
10987,4791558,,1/30/2021,1/30/2021,0,0
10988,19137169,,1/30/2021,1/30/2021,0,0
10989,19098624,,1/30/2021,1/30/2021,0,0
10990,9477661,,1/30/2021,1/30/2021,0,0
10991,4500878,,1/30/2021,1/30/2021,0,0
10992,17680156,,1/30/2021,1/30/2021,0,0
10993,12659978,,1/30/2021,1/30/2021,1,0
10994,5339688,,1/30/2021,2/4/2021,1,0
10995,19135542,,1/30/2021,1/30/2021,0,0
10996,18395090,,1/30/2021,1/30/2021,1,0
10997,19139908,,1/30/2021,1/30/2021,1,0
10998,12054561,,1/30/2021,1/30/2021,1,1
10999,16405013,,1/30/2021,1/30/2021,0,0
11000,19141361,,1/31/2021,1/31/2021,0,0
11001,16819262,,1/31/2021,1/31/2021,0,0
11002,18199981,,1/31/2021,2/7/2021,1,0
11003,16622339,,1/31/2021,1/31/2021,0,0
11004,1159954,,1/31/2021,1/31/2021,0,0
11005,19133246,,1/31/2021,1/31/2021,0,0
11006,13237812,,1/31/2021,1/31/2021,0,0
11007,19130929,,1/31/2021,1/31/2021,0,0
11008,16936714,,1/31/2021,1/31/2021,1,0
11009,19029715,,1/31/2021,1/31/2021,0,0
11010,19144432,,1/31/2021,1/31/2021,1,0
11011,8988896,,1/31/2021,1/31/2021,0,0
11012,18771402,,1/31/2021,1/31/2021,1,0
11013,19125766,,1/31/2021,1/31/2021,0,0
11014,17845788,,1/31/2021,2/1/2021,1,0
11015,373166,,1/31/2021,1/31/2021,0,0
11016,19145971,,1/31/2021,1/31/2021,1,0
11017,9477799,,1/31/2021,1/31/2021,0,0
11018,12487926,,1/31/2021,1/31/2021,1,0
11019,16259332,,2/1/2021,2/1/2021,0,0
11020,17493721,,2/1/2021,2/1/2021,0,0
11021,19146808,,2/1/2021,2/1/2021,1,0
11022,19146835,,2/1/2021,2/1/2021,0,0
11023,15929439,,2/1/2021,2/1/2021,1,0
11024,2741507,,2/1/2021,2/1/2021,0,0
11025,19147771,,2/1/2021,2/1/2021,0,0
11026,18516710,,2/1/2021,2/1/2021,1,0
11027,15563400,,2/1/2021,2/1/2021,0,0
11028,9814982,,2/1/2021,2/1/2021,0,0
11029,19148463,,2/1/2021,2/1/2021,0,0
11030,19018628,,2/1/2021,2/1/2021,0,0
11031,19148503,,2/1/2021,2/1/2021,1,0
11032,10904253,,2/1/2021,2/1/2021,0,0
11033,5330362,,2/1/2021,2/1/2021,1,0
11034,12193794,,2/1/2021,2/1/2021,1,0
11035,13140143,,2/1/2021,2/1/2021,0,0
11036,13434584,,2/1/2021,2/1/2021,1,0
11037,17068357,,2/1/2021,2/1/2021,1,0
11038,15352162,,2/1/2021,2/1/2021,1,0
11039,1508576,,2/1/2021,2/1/2021,0,0
11040,1789272,,2/1/2021,2/1/2021,0,1
11041,19150334,,2/1/2021,2/1/2021,0,0
11042,1592269,,2/1/2021,2/1/2021,0,0
11043,19108146,,2/1/2021,2/1/2021,0,0
11044,4564146,,2/1/2021,2/1/2021,0,0
11045,2395979,,2/1/2021,2/1/2021,0,0
11046,19151236,,2/1/2021,2/1/2021,0,0
11047,3958337,,2/1/2021,2/1/2021,1,0
11048,1275058,,2/1/2021,2/1/2021,0,0
11049,12930269,,2/2/2021,2/2/2021,1,0
11050,18424366,,2/2/2021,2/2/2021,0,0
11051,19150152,,2/2/2021,2/2/2021,0,0
11052,3115968,,2/2/2021,2/2/2021,0,0
11053,13250181,,2/2/2021,2/2/2021,0,0
11054,18076928,,2/2/2021,2/2/2021,0,0
11055,16834992,,2/2/2021,2/2/2021,0,0
11056,2916180,,2/2/2021,2/2/2021,0,0
11057,16610759,,2/2/2021,2/2/2021,1,0
11058,18821652,,2/2/2021,2/2/2021,0,0
11059,17972717,,2/2/2021,2/2/2021,0,0
11060,14212076,,2/2/2021,2/2/2021,0,1
11061,16350554,,2/2/2021,2/2/2021,0,0
11062,18592441,,2/2/2021,2/2/2021,0,0
11063,19156057,,2/2/2021,2/2/2021,0,0
11064,19156557,,2/2/2021,2/3/2021,0,0
11065,13538558,,2/3/2021,2/3/2021,1,0
11066,19094810,,2/3/2021,2/3/2021,1,0
11067,11547475,,2/3/2021,2/3/2021,1,1
11068,16194488,,2/3/2021,2/3/2021,1,0
11069,12432638,,2/3/2021,2/3/2021,0,0
11070,19158535,,2/3/2021,2/3/2021,0,0
11071,1866215,,2/3/2021,2/3/2021,0,0
11072,3734333,,2/3/2021,2/3/2021,0,0
11073,16248190,,2/3/2021,2/3/2021,0,0
11074,11734901,,2/3/2021,2/3/2021,0,0
11075,19159854,,2/3/2021,2/3/2021,0,0
11076,19160301,,2/3/2021,2/3/2021,0,0
11077,19157965,,2/3/2021,2/3/2021,0,0
11078,18710930,,2/3/2021,2/3/2021,0,0
11079,4043039,,2/3/2021,2/3/2021,1,0
11080,19162434,,2/4/2021,2/4/2021,0,0
11081,10100802,,2/4/2021,2/4/2021,1,0
11082,19162471,,2/4/2021,2/4/2021,0,0
11083,12210488,,2/4/2021,2/4/2021,0,0
11084,11643416,,2/4/2021,2/4/2021,1,0
11085,16462674,,2/4/2021,2/4/2021,1,0
11086,19161460,,2/4/2021,2/4/2021,0,0
11087,13005954,,2/4/2021,2/4/2021,0,0
11088,18904395,,2/4/2021,2/4/2021,0,0
11089,19163164,,2/4/2021,2/4/2021,0,0
11090,12273094,,2/4/2021,2/4/2021,1,0
11091,18213034,,2/4/2021,2/5/2021,0,0
11092,4316234,,2/4/2021,2/4/2021,0,0
11093,10062555,,2/4/2021,2/4/2021,0,0
11094,18030434,,2/4/2021,2/4/2021,0,0
11095,17738764,,2/4/2021,2/4/2021,0,0
11096,19164232,,2/4/2021,2/4/2021,0,0
11097,19164485,,2/4/2021,2/4/2021,0,0
11098,969666,,2/4/2021,2/4/2021,1,0
11099,11030035,,2/4/2021,2/4/2021,1,0
11100,19165098,,2/4/2021,2/4/2021,1,0
11101,19130368,,2/4/2021,2/4/2021,0,0
11102,19165848,,2/4/2021,2/4/2021,0,0
11103,14747379,,2/4/2021,2/4/2021,1,0
11104,19166793,,2/4/2021,2/4/2021,0,0
11105,5517170,,2/4/2021,2/4/2021,0,0
11106,16012137,,2/4/2021,2/4/2021,0,0
11107,18811416,,2/4/2021,2/4/2021,1,0
11108,19161559,,2/5/2021,2/5/2021,0,0
11109,2721687,,2/5/2021,2/5/2021,0,0
11110,2109175,,2/5/2021,2/5/2021,0,0
11111,17700539,,2/5/2021,2/5/2021,1,0
11112,326455,,2/5/2021,2/5/2021,0,0
11113,5594705,,2/5/2021,2/5/2021,1,0
11114,17759239,,2/5/2021,2/5/2021,1,0
11115,19159303,,2/5/2021,2/5/2021,0,0
11116,2927389,,2/5/2021,2/5/2021,0,0
11117,2530420,,2/5/2021,2/5/2021,0,0
11118,3840820,,2/5/2021,2/5/2021,0,0
11119,18105749,,2/5/2021,2/5/2021,0,0
11120,19170861,,2/5/2021,2/5/2021,0,0
11121,18391783,,2/5/2021,2/5/2021,1,0
11122,18867902,,2/5/2021,2/5/2021,0,0
11123,19171535,,2/5/2021,2/5/2021,0,0
11124,19083172,,2/5/2021,2/5/2021,0,0
11125,19094773,,2/5/2021,2/5/2021,1,0
11126,15688626,,2/6/2021,2/6/2021,0,0
11127,15018633,,2/6/2021,2/6/2021,1,0
11128,15113047,,2/6/2021,2/6/2021,0,0
11129,18542493,,2/6/2021,2/6/2021,0,0
11130,3368505,,2/6/2021,2/9/2021,1,1
11131,19174393,,2/6/2021,2/6/2021,0,0
11132,17445975,,2/6/2021,2/6/2021,1,0
11133,19175167,,2/6/2021,2/6/2021,0,0
11134,9259294,,2/6/2021,2/6/2021,0,0
11135,19175498,,2/6/2021,2/6/2021,1,0
11136,19175699,,2/6/2021,2/6/2021,0,0
11137,19098762,,2/6/2021,2/7/2021,0,0
11138,19175961,,2/6/2021,2/6/2021,0,0
11139,18227039,,2/6/2021,2/6/2021,0,0
11140,17339210,,2/6/2021,2/6/2021,0,0
11141,19173756,,2/6/2021,2/6/2021,0,0
11142,14250687,,2/6/2021,2/6/2021,0,0
11143,1964517,,2/6/2021,2/6/2021,0,0
11144,773362,,2/6/2021,2/6/2021,0,0
11145,10019372,,2/7/2021,2/7/2021,0,0
11146,16712817,,2/7/2021,2/7/2021,0,0
11147,19177924,,2/7/2021,2/7/2021,0,0
11148,19174428,,2/7/2021,2/7/2021,0,0
11149,19178865,,2/7/2021,2/7/2021,0,0
11150,4207929,,2/7/2021,2/7/2021,0,0
11151,17981728,,2/7/2021,2/7/2021,1,0
11152,2167203,,2/7/2021,2/7/2021,0,0
11153,19068470,,2/7/2021,2/7/2021,0,0
11154,18253943,,2/7/2021,2/7/2021,0,0
11155,17509266,,2/7/2021,2/7/2021,0,0
11156,16878839,,2/7/2021,2/7/2021,0,0
11157,1956607,,2/7/2021,2/7/2021,0,0
11158,11351175,,2/7/2021,2/7/2021,0,0
11159,5249232,,2/7/2021,2/7/2021,1,1
11160,17355446,,2/7/2021,2/7/2021,0,0
11161,1048778,,2/7/2021,2/7/2021,0,0
11162,5070803,,2/7/2021,2/7/2021,0,0
11163,11375339,,2/8/2021,2/8/2021,0,0
11164,12586312,,2/8/2021,2/8/2021,0,0
11165,11745292,,2/8/2021,2/8/2021,0,0
11166,12758379,,2/8/2021,2/8/2021,0,0
11167,16693433,,2/8/2021,2/8/2021,1,0
11168,1443742,,2/8/2021,2/8/2021,1,0
11169,19184170,,2/8/2021,2/8/2021,0,0
11170,4040785,,2/8/2021,2/8/2021,0,0
11171,14504219,,2/8/2021,2/8/2021,0,0
11172,19179243,,2/8/2021,2/8/2021,0,0
11173,19186279,,2/8/2021,2/8/2021,0,0
11174,18924877,,2/8/2021,2/8/2021,0,0
11175,4194621,,2/8/2021,2/8/2021,0,0
11176,10671401,,2/9/2021,2/9/2021,0,0
11177,16070294,,2/9/2021,2/10/2021,1,0
11178,19188191,,2/9/2021,2/9/2021,0,1
11179,11153974,,2/9/2021,2/9/2021,0,0
11180,19189241,,2/9/2021,2/9/2021,1,0
11181,19187577,,2/9/2021,2/9/2021,0,0
11182,15422120,,2/9/2021,2/9/2021,0,0
11183,17873648,,2/9/2021,2/9/2021,1,0
11184,17965230,,2/9/2021,2/9/2021,0,0
11185,8318929,,2/9/2021,2/9/2021,0,0
11186,9318764,,2/9/2021,2/9/2021,0,0
11187,8831965,,2/9/2021,2/9/2021,1,0
11188,19118259,,2/9/2021,2/9/2021,0,0
11189,909599,,2/9/2021,2/9/2021,0,0
11190,17876811,,2/10/2021,2/10/2021,0,0
11244,17112100,,2/10/2021,2/10/2021,0,1
11258,353293,,2/10/2021,2/10/2021,1,0
11276,2758091,,2/11/2021,2/11/2021,0,0
11277,19190971,,2/11/2021,2/11/2021,1,0
11284,3030613,,2/11/2021,2/15/2021,1,1
11334,19199644,,2/12/2021,2/12/2021,1,0
11373,13453321,,2/12/2021,2/12/2021,0,0
11383,18441443,,2/13/2021,2/13/2021,1,0
11393,19185071,,2/13/2021,2/13/2021,0,0
11416,3325166,,2/13/2021,2/13/2021,1,0
11447,19206031,,2/13/2021,2/13/2021,0,0
11463,2992203,,2/14/2021,2/14/2021,0,1
11466,15217197,,2/14/2021,2/14/2021,0,0
11467,5588634,,2/14/2021,2/14/2021,0,0
11478,19207573,,2/14/2021,2/14/2021,0,1
11489,3653326,,2/14/2021,2/14/2021,1,0
11490,17464144,,2/14/2021,2/14/2021,0,0
11548,12566296,,2/14/2021,2/14/2021,1,1
11605,18199981,,2/15/2021,2/15/2021,1,0
11694,12336041,,2/15/2021,2/15/2021,0,0
11829,13496112,,2/15/2021,2/15/2021,1,0
11877,11464276,,2/16/2021,2/16/2021,0,0
11898,16350221,,2/16/2021,2/16/2021,1,0
11902,17398823,,2/16/2021,2/16/2021,0,1
11967,19221529,,2/16/2021,2/16/2021,1,0
12011,19223484,,2/16/2021,2/16/2021,0,1
12083,19225384,,2/16/2021,2/16/2021,0,0
12127,19226465,,2/16/2021,2/16/2021,0,0
12141,19190134,,2/16/2021,2/16/2021,0,0
12172,19227927,,2/17/2021,2/17/2021,0,0
12201,19127541,,2/17/2021,2/17/2021,0,0
12234,16119454,,2/17/2021,2/17/2021,0,0
12273,5040938,,2/17/2021,2/17/2021,1,0
12319,3811725,,2/17/2021,2/17/2021,1,0
12363,4782265,,2/17/2021,2/17/2021,0,0
12441,19232551,,2/17/2021,2/17/2021,0,1
12455,19232717,,2/17/2021,2/17/2021,0,0
12486,4539316,,2/17/2021,2/17/2021,0,1
12490,15823898,,2/17/2021,2/17/2021,0,0
12530,4286136,,2/17/2021,2/17/2021,0,0
12561,19228945,,2/17/2021,2/17/2021,1,0
12580,19232500,,2/17/2021,2/17/2021,0,0
12581,9024549,,2/17/2021,2/17/2021,1,0
12616,17232011,,2/17/2021,2/17/2021,0,1
12651,19216111,,2/17/2021,2/17/2021,0,0
12654,19236417,,2/17/2021,2/17/2021,0,0
12686,5169426,,2/17/2021,2/17/2021,1,0
12783,572638,,2/18/2021,2/18/2021,0,0
12800,19234946,,2/18/2021,2/18/2021,0,1
12804,1636277,,2/18/2021,5/7/2021,1,1
12837,1544083,,2/18/2021,2/18/2021,1,1
12887,18616371,,2/18/2021,2/18/2021,0,0
12912,19237202,,2/18/2021,2/18/2021,0,0
13002,9944665,,2/18/2021,2/18/2021,0,0
13016,18990377,,2/18/2021,2/18/2021,0,0
13072,50017,,2/18/2021,2/18/2021,1,0
13112,112090,,2/18/2021,2/18/2021,0,0
13166,5139471,,2/18/2021,2/18/2021,1,0
13207,13496140,,2/18/2021,2/18/2021,1,1
13230,4973088,,2/18/2021,2/18/2021,1,1
13258,16473318,,2/18/2021,2/19/2021,0,1
13303,12775296,,2/19/2021,2/19/2021,0,0
13363,14140194,,2/19/2021,2/19/2021,0,0
13375,4129105,,2/19/2021,4/22/2021,0,0
13417,19237379,,2/19/2021,2/19/2021,0,0
13448,19239721,,2/19/2021,2/19/2021,0,0
13458,19231454,,2/19/2021,2/19/2021,0,0
13484,10121818,,2/19/2021,2/19/2021,0,0
13519,16919493,,2/19/2021,2/24/2021,1,0
13528,5280404,,2/19/2021,2/19/2021,1,0
13552,23013,,2/19/2021,2/19/2021,0,0
13589,3561831,,2/19/2021,2/19/2021,0,0
13792,1805440,,2/20/2021,2/20/2021,1,0
13837,3239144,,2/20/2021,2/20/2021,0,0
13854,19259295,,2/20/2021,2/20/2021,0,0
13885,19260123,,2/20/2021,2/20/2021,0,0
13938,10016349,,2/20/2021,2/20/2021,1,0
13940,11429138,,2/20/2021,2/20/2021,1,1
13971,1963486,,2/20/2021,2/20/2021,0,0
13973,18628224,,2/20/2021,2/20/2021,1,0
14019,19263075,,2/20/2021,2/20/2021,0,0
14021,11957500,,2/20/2021,2/20/2021,0,0
14074,10372163,,2/20/2021,2/20/2021,0,1
14081,19263256,,2/20/2021,2/20/2021,0,0
14086,547459,,2/20/2021,2/20/2021,0,0
14155,9915258,,2/20/2021,6/11/2021,0,0
14277,18948069,,2/21/2021,2/21/2021,0,0
14281,19025178,,2/21/2021,2/21/2021,0,0
14299,19270032,,2/21/2021,2/21/2021,0,0
14365,14858375,,2/21/2021,4/23/2021,1,0
14407,17716939,,2/21/2021,3/1/2021,0,0
14410,12994352,,2/21/2021,2/21/2021,0,0
14419,19273415,,2/21/2021,2/21/2021,0,0
14526,4076958,,2/21/2021,2/21/2021,0,0
14577,19276234,,2/21/2021,3/9/2021,1,0
14625,19278374,,2/22/2021,2/22/2021,0,1
14626,537703,,2/22/2021,2/22/2021,1,0
14829,17808229,,2/22/2021,2/22/2021,0,0
14942,19238841,,2/22/2021,2/22/2021,0,0
14975,317937,,2/22/2021,2/22/2021,0,0
15014,378600,,2/22/2021,2/22/2021,0,0
15075,17629543,,2/22/2021,2/22/2021,1,0
15287,10785385,,2/23/2021,2/23/2021,0,0
15350,18715072,,2/23/2021,2/23/2021,0,0
103059,77144,,5/14/2021,5/14/2021,0,1
103458,20421283,,5/15/2021,5/15/2021,0,1
103568,680770,,5/15/2021,5/15/2021,0,0
103582,11103923,,5/15/2021,5/15/2021,0,0
103600,17397377,,5/15/2021,5/15/2021,1,0
103630,20422537,,5/15/2021,5/15/2021,0,0
103737,1915909,,5/15/2021,5/15/2021,1,0
103772,19298583,,5/15/2021,5/15/2021,0,1
103851,20218145,,5/15/2021,5/15/2021,0,1
104092,16032623,,5/15/2021,5/15/2021,1,1
104137,20421005,,5/15/2021,5/15/2021,0,0
104337,19102464,,5/15/2021,5/15/2021,0,0
104490,20431029,,5/16/2021,5/16/2021,0,0
104533,20431259,,5/16/2021,5/16/2021,0,1
104934,18997072,,5/16/2021,5/24/2021,0,0
104977,205359,,5/16/2021,5/16/2021,0,0
104978,20435723,,5/16/2021,5/16/2021,1,0
105070,8944934,,5/16/2021,5/16/2021,1,0
105251,3951995,,5/16/2021,5/16/2021,1,0
105294,18314083,,5/16/2021,5/16/2021,0,0
105340,3512518,,5/16/2021,5/16/2021,1,0
105433,9180797,,5/16/2021,5/16/2021,1,1
105450,13750739,,5/17/2021,5/17/2021,0,0
105453,9770745,,5/17/2021,5/17/2021,0,0
105647,19567465,,5/17/2021,5/17/2021,0,0
105714,9754805,,5/17/2021,5/17/2021,1,0
105719,20202642,,5/17/2021,5/21/2021,0,0
105726,13467964,,5/17/2021,5/19/2021,0,0
105770,16991051,,5/17/2021,5/17/2021,0,0
105798,4186257,,5/17/2021,5/17/2021,0,0
105805,20070091,,5/17/2021,6/8/2021,0,1
105881,12122186,,5/17/2021,5/17/2021,0,1
105891,17660306,,5/17/2021,5/17/2021,0,0
105921,15745553,,5/17/2021,5/17/2021,0,0
105960,20011654,,5/17/2021,5/17/2021,0,0
106152,4208242,,5/17/2021,5/17/2021,1,0
106182,20452765,,5/17/2021,5/17/2021,0,0
106230,4107369,,5/17/2021,5/17/2021,1,0
106243,17369437,,5/17/2021,5/17/2021,0,0
106397,20466739,,5/17/2021,5/17/2021,0,0
106412,9780988,,5/17/2021,5/17/2021,0,0
106673,13211138,,5/17/2021,5/17/2021,1,0
106798,13509420,,5/18/2021,5/18/2021,1,0
106997,16495796,,5/18/2021,5/18/2021,0,0
107064,20496288,,5/18/2021,5/18/2021,0,0
107084,18783574,,5/18/2021,5/18/2021,0,0
107249,20497859,,5/18/2021,5/18/2021,0,0
107305,20496761,,5/18/2021,5/18/2021,1,0
107317,16036126,,5/18/2021,5/18/2021,0,1
107579,689145,,5/18/2021,5/18/2021,0,1
107871,19535517,,5/18/2021,5/18/2021,1,1
107889,240209,,5/18/2021,5/18/2021,0,0
108076,17611157,,5/18/2021,5/18/2021,0,0
108161,20495983,,5/19/2021,5/19/2021,0,0
108260,13456602,,5/19/2021,5/19/2021,0,0
108302,2094710,,5/19/2021,5/19/2021,0,0
108355,16761221,,5/19/2021,6/5/2021,1,0
108376,20544385,,5/19/2021,5/19/2021,0,0
108399,3371922,,5/19/2021,5/19/2021,0,1
108461,14731065,,5/19/2021,5/19/2021,0,1
108496,20229459,,5/19/2021,5/19/2021,0,0
108577,20546012,,5/19/2021,5/19/2021,0,1
108579,19605280,,5/19/2021,5/19/2021,0,1
108828,20548880,,5/19/2021,5/19/2021,0,0
109019,19315638,,5/19/2021,5/19/2021,0,0
109065,239850,,5/19/2021,5/19/2021,0,0
109270,19400134,,5/19/2021,5/19/2021,0,0
109730,20531111,,5/20/2021,5/20/2021,0,0
109854,10286807,,5/20/2021,5/20/2021,0,0
109992,20549011,,5/20/2021,5/20/2021,0,0
109998,20596165,,5/20/2021,5/20/2021,0,0
110219,19145189,,5/20/2021,5/20/2021,0,1
110226,18079256,,5/20/2021,5/21/2021,0,0
110315,18321403,,5/20/2021,5/20/2021,0,0
110527,20602146,,5/20/2021,5/20/2021,0,0
110710,20603342,,5/21/2021,5/21/2021,1,1
110719,18785411,,5/21/2021,5/21/2021,0,0
110886,12936784,,5/21/2021,5/21/2021,0,0
111233,13951204,,5/21/2021,5/21/2021,0,0
111258,13080071,,5/21/2021,5/21/2021,0,0
111269,20356095,,5/21/2021,5/21/2021,0,0
111373,17531695,,5/21/2021,5/21/2021,0,0
111396,4098027,,5/21/2021,5/21/2021,0,0
111437,19834851,,5/21/2021,5/21/2021,0,1
111456,20610932,,5/21/2021,5/21/2021,0,0
111569,19640041,,5/21/2021,5/21/2021,0,1
111637,20011576,,5/21/2021,5/21/2021,0,0
111671,20613158,,5/21/2021,5/21/2021,0,0
111824,19009840,,5/22/2021,5/22/2021,0,0
111889,4711231,,5/22/2021,5/22/2021,0,1
111902,18523018,,5/22/2021,5/31/2021,1,0
111935,19735502,,5/22/2021,5/22/2021,0,0
111948,20615804,,5/22/2021,5/22/2021,0,0
111951,4270214,,5/22/2021,5/22/2021,0,0
111988,16170652,,5/22/2021,5/22/2021,0,0
112071,13252425,,5/22/2021,5/22/2021,0,0
112203,2484291,,5/22/2021,5/22/2021,0,0
112261,4329992,,5/22/2021,5/22/2021,1,0
112296,18255815,,5/22/2021,5/22/2021,1,1
112313,18369553,,5/22/2021,5/22/2021,1,0
112347,12026115,,5/22/2021,5/22/2021,0,1
112403,20620516,,5/22/2021,5/23/2021,1,0
112405,649582,,5/22/2021,5/22/2021,1,1
112457,12302806,,5/22/2021,5/22/2021,0,0
112503,20622024,,5/22/2021,5/22/2021,0,0
112509,19066254,,5/22/2021,5/22/2021,1,0
112595,16722062,,5/22/2021,5/22/2021,1,0
112691,16848833,,5/23/2021,5/23/2021,0,0
112730,18237610,,5/23/2021,5/23/2021,0,0
112828,20625592,,5/23/2021,5/23/2021,0,1
113059,20627885,,5/23/2021,5/23/2021,0,1
113210,20629675,,5/23/2021,5/23/2021,0,0
113305,3865015,,5/23/2021,5/23/2021,0,1
113326,14443432,,5/23/2021,5/23/2021,0,0
113494,20632478,,5/23/2021,5/23/2021,0,1
113522,18704061,,5/24/2021,5/24/2021,0,0
113563,547533,,5/24/2021,5/24/2021,0,0
113646,20633915,,5/24/2021,5/24/2021,0,0
113714,20355141,,5/24/2021,5/24/2021,0,0
113725,20380876,,5/24/2021,5/24/2021,0,0
113806,20635530,,5/24/2021,5/24/2021,0,1
113838,20635803,,5/24/2021,5/24/2021,0,1
113897,3993618,,5/24/2021,5/24/2021,0,0
113936,20636656,,5/24/2021,5/24/2021,0,0
114032,15842386,,5/24/2021,5/24/2021,1,0
114062,20637762,,5/24/2021,5/24/2021,0,1
114112,10771987,,5/24/2021,5/24/2021,1,1
114188,20639422,,5/24/2021,5/24/2021,0,1
114234,12712488,,5/24/2021,5/24/2021,0,0
114458,19215766,,5/24/2021,5/24/2021,0,0
114540,18823099,,5/24/2021,5/24/2021,0,0
114617,12029525,,5/25/2021,5/25/2021,0,0
114660,20639119,,5/25/2021,5/25/2021,0,0
114842,20142964,,5/25/2021,5/25/2021,0,1
114879,20609731,,5/25/2021,5/25/2021,0,0
114911,12311135,,5/25/2021,5/25/2021,0,0
114944,19030764,,5/25/2021,5/25/2021,1,0
114975,15975684,,5/25/2021,5/25/2021,0,0
114976,20631083,,5/25/2021,5/25/2021,0,0
115143,436152,,5/25/2021,5/25/2021,1,0
115279,20650709,,5/25/2021,5/25/2021,0,0
115324,2232418,,5/25/2021,5/25/2021,1,0
115333,18433342,,5/25/2021,5/25/2021,1,1
115375,16467681,,5/25/2021,5/25/2021,0,0
115396,20378330,,5/25/2021,5/25/2021,0,0
115496,18056222,,5/25/2021,5/25/2021,0,1
115520,20603262,,5/25/2021,5/25/2021,0,0
115678,15137984,,5/26/2021,5/26/2021,0,0
115742,17280226,,5/26/2021,5/26/2021,0,0
115743,17860302,,5/26/2021,5/26/2021,0,0
115751,20633940,,5/26/2021,5/26/2021,0,0
115802,11581833,,5/26/2021,5/26/2021,0,1
115858,20650169,,5/26/2021,5/26/2021,1,0
115862,12790536,,5/26/2021,5/26/2021,0,0
115874,20656439,,5/26/2021,5/26/2021,0,0
116068,19549200,,5/26/2021,5/26/2021,0,0
116090,20658800,,5/26/2021,5/26/2021,0,1
116159,19276090,,5/26/2021,5/26/2021,0,0
116370,17756006,,5/26/2021,5/26/2021,0,0
116376,661154,,5/26/2021,5/26/2021,0,0
116384,19735979,,5/26/2021,5/26/2021,1,0
116396,20661851,,5/26/2021,5/26/2021,1,1
116571,15369731,,5/26/2021,5/26/2021,0,0
116590,1272903,,5/27/2021,5/27/2021,0,0
116649,10346698,,5/27/2021,5/27/2021,0,0
116798,19954219,,5/27/2021,5/27/2021,0,0
116800,20606596,,5/27/2021,5/27/2021,0,0
116816,4926685,,5/27/2021,5/27/2021,0,0
116827,20665639,,5/27/2021,5/27/2021,0,0
116991,17708851,,5/27/2021,5/27/2021,0,0
117563,20672259,,5/27/2021,5/28/2021,0,0
117600,18947079,,5/27/2021,5/27/2021,0,0
117658,20673208,,5/27/2021,5/27/2021,1,1
117661,17648363,,5/27/2021,5/27/2021,0,0
117768,2675724,,5/28/2021,5/28/2021,0,0
117801,18183146,,5/28/2021,5/28/2021,0,0
117862,9192195,,5/28/2021,5/28/2021,0,0
117943,20675503,,5/28/2021,5/28/2021,0,0
118005,1809058,,5/28/2021,5/28/2021,0,0
118061,20675039,,5/28/2021,5/28/2021,0,0
118186,20677726,,5/28/2021,5/28/2021,0,0
118370,20549370,,5/28/2021,5/28/2021,0,0
118500,20680677,,5/28/2021,5/28/2021,1,0
118556,20237463,,5/28/2021,5/28/2021,1,0
118559,20681156,,5/28/2021,5/28/2021,0,1
118688,14725935,,5/28/2021,5/28/2021,0,0
118751,4558612,,5/29/2021,5/29/2021,0,0
118934,20605772,,5/29/2021,5/29/2021,0,0
118949,20685562,,5/29/2021,5/29/2021,0,0
119067,20686515,,5/29/2021,6/5/2021,0,1
119125,3141079,,5/29/2021,5/29/2021,0,0
119260,20688149,,5/29/2021,5/29/2021,0,0
119329,20122424,,5/29/2021,5/29/2021,0,0
119416,15715657,,5/29/2021,5/29/2021,0,0
119498,20690712,,5/29/2021,5/29/2021,0,1
119680,20616676,,5/30/2021,5/30/2021,0,0
119746,944142,,5/30/2021,5/30/2021,1,1
119753,20681388,,5/30/2021,5/30/2021,1,0
119811,14391055,,5/30/2021,5/30/2021,0,0
119822,20643536,,5/30/2021,6/10/2021,0,0
119861,1600167,,5/30/2021,5/30/2021,0,1
119945,19363581,,5/30/2021,6/7/2021,0,0
120004,4264904,,5/30/2021,5/30/2021,0,0
120049,3819962,,5/30/2021,5/30/2021,0,0
120201,20699797,,5/30/2021,5/30/2021,1,0
120290,20700761,,5/31/2021,5/31/2021,0,1
120320,13177171,,5/31/2021,5/31/2021,0,0
120396,2152642,,5/31/2021,5/31/2021,1,0
120401,10720477,,5/31/2021,5/31/2021,1,1
120411,20696030,,5/31/2021,5/31/2021,1,0
120427,20637724,,5/31/2021,5/31/2021,0,0
120498,20702475,,5/31/2021,5/31/2021,0,0
120517,20702912,,5/31/2021,5/31/2021,0,0
120603,20645916,,5/31/2021,5/31/2021,0,0
120865,326690,,5/31/2021,5/31/2021,0,0
120935,3250302,,5/31/2021,5/31/2021,1,1
121048,19685005,,5/31/2021,5/31/2021,0,0
